{
    "dieting": 0.005738516803830862,
    "golf": 0.007935350760817528,
    "fishing": 0.0029386701062321663,
    "islam": 0.010319082997739315,
    "relationships": 0.0016105769900605083,
    "hunting": 0.0017246733186766505,
    "personal": 0.00710003636777401,
    "nostalgia": 0.019177556037902832,
    "writing": 0.006897174287587404,
    "hockey": 0.011003644205629826,
    "soccer": 0.02902046963572502,
    "political_discussion": 0.0025022970512509346,
    "photography": 0.0032627424225211143,
    "vegan": 0.009159562177956104,
    "wedding": 0.004122788552194834,
    "school": 0.006250043399631977,
    "judaism": 0.017028791829943657,
    "nfl": 0.008480923250317574,
    "architecture": 0.0042838044464588165,
    "fitness": 0.010693050920963287,
    "gender_issues": 0.0043291011825203896,
    "art": 0.01710093766450882,
    "energy": 0.003436875529587269,
    "wrestling": 0.009004754014313221,
    "general_food": 0.013679837808012962,
    "books": 0.008832430467009544,
    "design": 0.009773281402885914,
    "skateboarding": 0.01487016398459673,
    "nba": 0.013586851768195629,
    "investment": 0.005006010644137859,
    "psychology": 0.007836551405489445,
    "cooking": 0.007639565039426088,
    "religion": 0.00494459830224514,
    "health": 0.010716363787651062,
    "individualist_politics": 0.002991415560245514,
    "pets": 0.004555083345621824,
    "medicine": 0.014360821805894375,
    "electronics": 0.01090970542281866,
    "guns": 0.005916878581047058,
    "math": 0.015297772362828255,
    "biology": 0.017968302592635155,
    "jobs": 0.003085241187363863,
    "business": 0.013483332470059395,
    "cars": 0.005023793783038855,
    "anthropology": 0.005620441399514675,
    "lgbt": 0.013223866932094097,
    "baseball": 0.007949454709887505,
    "news": 0.0036933179944753647,
    "rugby": 0.01053482387214899,
    "realestate": 0.001702988869510591,
    "vegetarian": 0.005638205446302891,
    "programming": 0.02086172066628933,
    "personalfinance": 0.0019788022618740797,
    "anime": 0.028613220900297165,
    "military": 0.0039009209722280502,
    "swimming": 0.013028480112552643,
    "christianity": 0.0033831000328063965,
    "weather": 0.0033635201398283243,
    "economic_discussion": 0.0038156090304255486,
    "gardening": 0.005668525584042072,
    "weight_training": 0.01743006706237793,
    "sports": 0.006911653559654951,
    "singing": 0.011138482950627804,
    "tennis": 0.02144375443458557,
    "entertainment_news": 0.019645359367132187,
    "fiction": 0.011607048101723194,
    "beer": 0.005657813046127558,
    "music": 0.025628522038459778,
    "nutrition": 0.005203228909522295,
    "cricket": 0.023900683969259262,
    "drugs": 0.009463081136345863,
    "environmental": 0.0038581471890211105,
    "aviation": 0.0032663787715137005,
    "personal_care_and_beauty": 0.025736769661307335,
    "television": 0.006786532234400511,
    "sailing": 0.002841025358065963,
    "comics": 0.023032696917653084,
    "science": 0.006017339415848255,
    "scuba": 0.0044361683540046215,
    "left_politics": 0.0026311827823519707,
    "history": 0.005031178705394268,
    "right_politics": 0.0013870965922251344,
    "fashion": 0.00910127442330122,
    "conspiracy": 0.0023344592191278934,
    "DIY": 0.0038321169558912516,
    "education": 0.0073478939011693,
    "technology": 0.008123871870338917,
    "film": 0.0069646574556827545,
    "tattoo": 0.009501629509031773,
    "yoga": 0.00939975306391716,
    "startups_and_entrepreneurship": 0.008141242899000645,
    "bicycling": 0.00674669211730361,
    "travel": 0.005112992133945227,
    "boxing": 0.007781256455928087,
    "poetry": 0.0047737713903188705,
    "romance": 0.01289332751184702,
    "buddhism": 0.004748340230435133,
    "comedy": 0.011535193771123886,
    "gaming": 0.013857655227184296,
    "poker": 0.014615228399634361,
    "philosophy": 0.0029371376149356365,
    "parenting": 0.011687164194881916,
    "running": 0.008918998762965202,
    "climbing": 0.011398615315556526,
    "astronomy": 0.002477710135281086,
    "archery": 0.010709546506404877,
    "surfing": 0.006218818947672844,
    "atheism": 0.005022669211030006,
    "ultimate": 0.010502954944968224,
    "crafts": 0.005396226886659861,
    "wine": 0.00828811340034008
}
{
    "dieting": 0.0011539800325408578,
    "golf": 0.00025721752899698913,
    "fishing": 0.0007291142246685922,
    "islam": 0.011405587196350098,
    "relationships": 0.00037738573155365884,
    "hunting": 0.004593508318066597,
    "personal": 0.00720576848834753,
    "nostalgia": 0.009773530066013336,
    "writing": 0.0010043326765298843,
    "hockey": 0.010407981462776661,
    "soccer": 0.0033193775452673435,
    "political_discussion": 0.0121042774990201,
    "photography": 0.000673135626129806,
    "vegan": 0.007813445292413235,
    "wedding": 0.00027250699349679053,
    "school": 0.0011238884180784225,
    "judaism": 0.01010967418551445,
    "nfl": 0.005925130099058151,
    "architecture": 0.000763885909691453,
    "fitness": 0.00217951531521976,
    "gender_issues": 0.004871544428169727,
    "gardening": 0.004187178798019886,
    "energy": 0.002901332452893257,
    "wrestling": 0.002260971814393997,
    "general_food": 0.004737828858196735,
    "books": 0.0032841588836163282,
    "design": 0.0012002905132248998,
    "skateboarding": 0.0007084909011609852,
    "nba": 0.0032521067187190056,
    "investment": 0.002749109175056219,
    "fiction": 0.006514401640743017,
    "psychology": 0.013365902937948704,
    "cooking": 0.001651150407269597,
    "religion": 0.007425268180668354,
    "health": 0.1429348886013031,
    "individualist_politics": 0.007477623876184225,
    "pets": 0.003937211818993092,
    "medicine": 0.19062694907188416,
    "electronics": 0.0009729457669891417,
    "guns": 0.0016136993654072285,
    "math": 0.0020499525126069784,
    "biology": 0.06745770573616028,
    "jobs": 0.0012582235503941774,
    "business": 0.008612414821982384,
    "cars": 0.0004571857862174511,
    "anthropology": 0.017917532473802567,
    "lgbt": 0.003444136120378971,
    "baseball": 0.0036910073831677437,
    "news": 0.0329575389623642,
    "rugby": 0.002721940167248249,
    "realestate": 0.0005335647147148848,
    "vegetarian": 0.0030810153111815453,
    "programming": 0.004457821603864431,
    "personalfinance": 0.0014524117577821016,
    "anime": 0.005230283364653587,
    "military": 0.007422855123877525,
    "swimming": 0.0005655767163261771,
    "weather": 0.007434234954416752,
    "economic_discussion": 0.007301872596144676,
    "art": 0.00278464425355196,
    "weight_training": 0.0029938160441815853,
    "sports": 0.004970703739672899,
    "singing": 0.0002542319998610765,
    "tennis": 0.0021290576551109552,
    "entertainment_news": 0.01727733202278614,
    "christianity": 0.003384064417332411,
    "beer": 0.0010324962204322219,
    "music": 0.0027113037649542093,
    "nutrition": 0.010824221186339855,
    "cricket": 0.008706161752343178,
    "drugs": 0.0041050538420677185,
    "environmental": 0.011156328022480011,
    "aviation": 0.002124879974871874,
    "personal_care_and_beauty": 0.0019138195784762502,
    "television": 0.020389258861541748,
    "sailing": 0.0002818340726662427,
    "comics": 0.01944727450609207,
    "science": 0.06230190396308899,
    "scuba": 0.000370005436707288,
    "left_politics": 0.004998973570764065,
    "history": 0.01476779580116272,
    "right_politics": 0.008177030831575394,
    "fashion": 0.0007339593721553683,
    "conspiracy": 0.021893102675676346,
    "DIY": 0.0008575087413191795,
    "education": 0.009250528179109097,
    "technology": 0.010526791214942932,
    "film": 0.005771594122052193,
    "tattoo": 0.003172649536281824,
    "yoga": 0.00021271374134812504,
    "startups_and_entrepreneurship": 0.000854317971970886,
    "bicycling": 0.0018149408278986812,
    "travel": 0.00295629957690835,
    "boxing": 0.002160955686122179,
    "poetry": 0.0002537509717512876,
    "romance": 0.0017493744380772114,